Nombre de usuario,Usuario,Fecha,Texto
Supersalud,@Supersalud,2021-03-06T20:30:15.000Z,"@Supersalud
 Fabio Aristiz√°bal visit√≥ el departamento de #Boyac√° para conocer de primera mano las necesidades que se presentan en materia de salud, as√≠ como verificar el avance del Plan Nacional de Vacunaci√≥n y Estrategia PRASS."
MinSaludCol,@MinSaludCol,2021-03-06T20:30:00.000Z,"#JuntosFrenteAlCovid Fueron muchos los hitos en este primer a√±o de pandemia y hoy queremos compartirlos con todos los colombianos. 
   http://bit.ly/HitosCOVIDCol"
MinSaludCol,@MinSaludCol,2021-03-06T18:31:28.000Z,"En la concha ac√∫stica de Mit√∫, Vaup√©s, el ministro 
@Fruizgomez
 recorri√≥ la ruta de vacunaci√≥n dispuesta por el Hospital Departamental de San Antonio. Al 5 de marzo en el departamento, se han vacunado 2.761 habitantes."
Secretar√≠aSaludCesar,@CesarSecSalud,2021-03-06T03:32:46.000Z,"#ReporteDiariio reportamos 35 nuevos casos de Covid-19 procedentes de: 
Valledupar 21
Bosconia 8
Agust√≠n Codazzi 3
Becerril 2
Gamarra 1"
Gobernaci√≥n del Huila,@HuilaGob,2021-03-06T03:26:23.000Z,"41 casos de Covid19 se confirmaron hoy para el Huila

El acumulado departamental de resultados positivos llega a 49.931, de los cuales permanecen activos 341 casos.

La Sala de An√°lisis del Riesgo para el evento Covid19 confirma 41 casos en 8 municipios distribuidos as√≠:"
Secretar√≠a Seccional de Salud de Antioquia,@SaludAntioquia,2021-03-06T03:11:44.000Z,"Con 3.888 dosis aplicadas, Antioquia llega a 31.836 vacunados contra #COVID19.

Las m√°s recientes dosis por municipio fueron: Medell√≠n (1727), Bello  (148), Envigado  (333), Sabaneta  (12), Girardota  (28), Copacabana  (18), Caldas (42), Barbosa  (28), Itag√º√≠  (154)."
Presidencia Colombia,@infopresidencia,2021-03-06T02:55:54.000Z," #Noticia | Este fin de semana llegar√°n a Colombia 1‚Äô505.880 vacunas de Sinovac, para continuar el Plan Nacional de Vacunaci√≥n.Este fin de semana llegar√°n a Colombia 1‚Äô505.880 vacunas de Sinovac, para continuar el Plan...
Este fin de semana, en dos vuelos de pasajeros procedentes de Pek√≠n, llegar√°n al pa√≠s 1‚Äô505.880 biol√≥gicos de Sinovac, para reforzar el Plan Nacional de Vacunaci√≥n adelantado por el Gobierno del...
idm.presidencia.gov.co"
Gobernaci√≥n del Meta,@GobMeta,2021-03-06T02:19:09.000Z,"El Meta hoy no registra fallecidos. Recibimos 202 pruebas negativas de #Covid_19 y 35 positivas as√≠: Villavicencio 30, Puerto Gait√°n 2, Acac√≠as 1, Cumaral 1 y San Carlos de Guaroa 1. 

Adem√°s, 53 recuperados y 37 en UCI."
Supersalud,@Supersalud,2021-03-06T01:36:03.000Z,"Desde la 
@supersalud
 seguimos recorriendo Colombia para hace hacer #SeguimientoALasVacunas y verificar el cumplimiento de los lineamientos por parte de los aseguradores, prestadores y entes territoriales en el Plan Nacional de Vacunaci√≥n contra el #Covid_19 y la Estrategia PRASS."
Clara Luz Rold√°n Gonz√°lez,@ClaraLuzRoldan,2021-03-06T01:28:06.000Z,"Con satisfacci√≥n anuncio que por disposici√≥n de 
@MinSaludCol
, llegaron al departamento 10.410 dosis de vacunas anti COVID-19 de pfizer y  estamos a la espera de otras 5.000, para cubrir el 100% de trabajadores de la salud de primera linea de Cali, seg√∫n reporte plataforma PISIS"
Presidencia Colombia,@infopresidencia,2021-03-06T20:31:00.000Z,"Desde el inicio de la pandemia, 
@ICBFColombia
 flexibiliz√≥ servicios de atenci√≥n en seguridad alimentaria, pedagog√≠a y prevenci√≥n de violencias. Garantizamos el bienestar de 1.700.000 ni√±as/os de 0 a 5 a√±os, en todo el pa√≠s. #JuntosFrenteAlCovid"
Territorial de Salud de Caldas,@saluddecaldas,2021-03-06T00:00:04.000Z,"En los municipios de Salamina, Aranzazu y Marmato, entre otros, contin√∫a la vacunaci√≥n contra la Covid-19. Con un gran compromiso de nuestros hospitales se protege inicialmente al personal de salud, luego seguir√°n los adultos mayores de 80 a√±os institucionalizados."
MinSaludCol,@MinSaludCol,2021-03-05T23:36:42.000Z,"Al cumplirse un a√±o de la llegada de la COVID-19 a Colombia, el ministro 
@Fruizgomez
 hizo un balance de los esfuerzos realizados para enfrentar la pandemia, el fortalecimiento del sector salud y los logros obtenidos durante este tiempo. #Prevenci√≥nYAcci√≥n"
Presidencia Colombia,@infopresidencia,2021-03-05T23:26:58.000Z,"En #Prevenci√≥nyAcci√≥n el Presidente 
@IvanDuque
 afirm√≥ que a lo largo de la pandemia, Colombia llega a 11.655.186 pruebas adelantadas, 2.269.582 casos positivos acumulados y 2.168.149 recuperados; hoy se registraron 3.711 recuperados y el porcentaje de recuperaci√≥n es del 95.5%."
Gobernaci√≥n del Magdalena,@MagdalenaGober,2021-03-05T23:11:02.000Z,En Fundaci√≥n seguimos cumpliendo con las jornadas de vacunaci√≥n contra el Covid-19 aplicando la primera dosis a los adultos mayores. #EnMiTurnoYoMeVacuno
Presidencia Colombia,@infopresidencia,2021-03-05T23:00:02.000Z," #EnVivo | Avances de las medidas implementadas por el Gobierno Nacional para mitigar los efectos de la pandemia del covid-19 en el pa√≠s. #Prevenci√≥nyAcci√≥nPresidencia Colombia
@infopresidencia
 #EnVivo | Avances de las medidas implementadas por el Gobierno Nacional para mitigar los efectos de la pandemia del covid-19 en el pa√≠s. #Prevenci√≥nyAcci√≥n
pscp.tv"
MinSaludCol,@MinSaludCol,2021-03-05T23:00:01.000Z,"Cumplimos 1 a√±o desde la llegada del COVID-19, una etapa en la que a pesar de las dificultades, nos hemos unido como pa√≠s
  para protegernos, fortalecer nuestro sistema de salud, y hoy, estar ejecutando un plan de vacunaci√≥n con el que superaremos el virus y saldremos adelante."
Elsa Noguera,@elsanoguerabaq,2021-03-05T22:23:29.000Z,"¬°Estamos mejorando la educaci√≥n con tecnolog√≠a y conectividad! De los retos que nos trajo la pandemia fue la transformaci√≥n digital de nuestros colegios rurales y urbanos, hoy nos enorgullece lo que hemos avanzado con la entrega de nuevos 
 y la ampliaci√≥n del internet."
Ramiro Barrag√°n,@RamiroBarraganA,2021-03-06T17:38:04.000Z,"Los campesinos tambi√©n son h√©roes en esta pandemia. Ellos alimentaron el pa√≠s cuando todo se detuvo; nuestro deber es apoyarlos.

Nuevamente ponemos al servicio la 
@SAgriculturaBoy
 para cumplir lo acordado aqu√≠ y afrontar la crisis que viven las familias paneleras de Boyac√°"
OPS/OMS Colombia,@OPSOMS_Col,2021-03-05T21:18:17.000Z,"En #Guain√≠a avanza la vacunaci√≥n contra la #COVID19. 

En la pandemia, la consigna es 'no dejar a nadie atr√°s'."
Supersalud,@Supersalud,2021-03-05T20:53:02.000Z,El Superintendente Fabio Aristiz√°bal realiz√≥ un recorrido por los puntos de vacunaci√≥n habilitados en el Hospital de Fontib√≥n para verificar c√≥mo se implementa el Plan Nacional de Vacunaci√≥n #SeguimientoALasVacunas
MinSaludCol,@MinSaludCol,2021-03-05T20:39:34.000Z,"A un a√±o de la llegada del #COVID19 a Colombia, te presentamos los 
avances significativos, que han fortalecido el sistema de salud
 y su capacidad frente a la pandemia. 
http://bit.ly/3rpFsme"
Supersalud,@Supersalud,2021-03-05T20:37:35.000Z,"#AEstaHora Superintendente Fabio Aristiz√°bal √Ångel hace un recorrido al punto de vacunaci√≥n #COVID19 habilitado en 
@SubRedSurOcci"
Bol√≠var Primero,@GobDeBolivar,2021-03-05T20:32:01.000Z,"#PrimeroLaVida‚Äç
Vamos a buen ritmo en nuestra Fase de Vacunaci√≥n #PorLaVida 2021

Bol√≠var se ubica a nivel nacional como uno de los dpto con mejor promedio de vacunaci√≥n por d√≠a y poblaci√≥n vacunada.
La pr√≥xima semana esperamos recibir el 3er lote de vacunas
@MinSaludCol"
Presidencia Colombia,@infopresidencia,2021-03-05T20:31:00.000Z,"#ColombiaSeVacuna | Recuerda que debes seguir cuid√°ndote y cuidando a los que m√°s quieres, la vacunaci√≥n no significa que podemos bajar la guardia. #ABCdeLaVacunaci√≥n"
Territorial de Salud de Caldas,@saluddecaldas,2021-03-05T20:28:52.000Z,"Continuamos la entrega de vacunas a nuestras ESE para inmunizar al personal de salud de primera l√≠nea y adultos mayores de 80 a√±os. Este fin de semana viviremos una jornada de alegr√≠a y esperanza con la vacunaci√≥n en varios municipios.
#PrimeroLaVacuna
@LuisCarlosGober"
MinSaludCol,@MinSaludCol,2021-03-05T17:15:00.000Z,"El Coronavirus pone en riesgo tu vida, pero vacunarte 
 te protege contra la enfermedad grave, que significa hospitalizaci√≥n y muerte. #YoMeVacuno "
MinSaludCol,@MinSaludCol,2021-03-05T16:00:01.000Z,"#Noticia
 La pr√≥xima semana inicia vacunaci√≥n
 a los adultos mayores de 80 a√±os en todo el territorio nacional. Los detalles: http://bit.ly/3qh8oev."
Gobernaci√≥n del Huila,@HuilaGob,2021-03-05T13:57:17.000Z,"Vacunaci√≥n contra la Covid19
De acuerdo al Bolet√≠n de Vacunaci√≥n No.13, con corte a las 4 de la tarde de este jueves, se vacunaron en total 1.056 personas, de esta manera se acumulan un total de 4.191 dosis aplicadas."
Gobernaci√≥n del Meta,@GobMeta,2021-03-05T13:50:49.000Z,"Red de mujeres del #Meta son capacitadas en enfoque de g√©nero. Con el taller ‚ÄòLa otra cara de la pandemia‚Äô, llegaremos a 200 mujeres que se convertir√°n en semilleros y multiplicadoras de conocimientos adquiridos en sus comunidades y as√≠ seguir fortaleciendo las rutas de atenci√≥n."
MinSaludCol,@MinSaludCol,2021-03-05T13:27:03.000Z,"‚ÄúTodav√≠a no hemos empezado de manera masiva la vacunaci√≥n de mayores de 80. Con las vacunas que llegan esta semana, empezaremos a cubrir masivamente a esa poblaci√≥n.‚Äù Ministro 
@Fruizgomez
 en 
@RcnRadio"
Gobernaci√≥n del Huila,@HuilaGob,2021-03-05T03:05:12.000Z,"86 casos de Covid19 se confirmaron hoy para el Huila

La Sala de An√°lisis del Riesgo para el evento Covid19 confirma 86 casos en 12 municipios:

60 casos en Neiva, 6 en Campoalegre, 4 en Palermo, 4 en Pitalito, 2 en Algeciras, 2 en Rivera, 2 en San Agust√≠n, 2 en Tello..."
Secretar√≠a Seccional de Salud de Antioquia,@SaludAntioquia,2021-03-05T01:45:18.000Z,"Para ver el comportamiento del COVID-19 en el departamento de #Antioquia ingresa al siguiente enlace: 
https://bit.ly/2VQmebG 

Nuevos casos: 491 
Medell√≠n (277)
Rionegro (34)
Bello (32)
Envigado (30)
Itag√º√≠ (22)
Marinilla (13)
Caldas (13)
Guarne (8)"
Elsa Noguera,@elsanoguerabaq,2021-03-06T17:15:25.000Z,"Hace un a√±o lleg√≥ el primer caso de contagio de #COVID19 a Colombia y claramente nos cambi√≥ la vida. Han sido tiempos dif√≠ciles, pero tambi√©n de muchos aprendizajes que nos han llevado a entender que debemos seguir cuid√°ndonos los unos a los otros. 

#Atl√°nticoConVida"
Secretar√≠a Distrital de Salud,@SectorSalud,2021-03-05T15:41:50.000Z,"La Cl√≠nica Los Nogales es otra de las instituciones que avanza en el proceso de vacunaci√≥n del personal de primera l√≠nea. All√≠, tambi√©n, el secretario 
@AlejandroGL2014
 revisa que el proceso de inmunizaci√≥n se realice de forma adecuada."
Secretar√≠a Distrital de Salud,@SectorSalud,2021-03-05T13:55:19.000Z,"Continuamos verificando el avance del proceso de vacunaci√≥n en Bogot√°. 
 #AEstaHora el secretario de Salud 
@AlejandroGL2014
 visita la Cl√≠nica La Colina donde se realiza la inmunizaci√≥n del personal de salud de la primera l√≠nea."
Territorial de Salud de Caldas,@saluddecaldas,2021-03-05T02:01:53.000Z,"#ReporteCovid-19

Reportamos 48 nuevos casos en #Caldas y 3 personas fallecidas por Covid-19. 1 en Neira, 1 en La Dorada y 1 en Viterbo. Reportamos adem√°s 1 persona fallecida por otras causas en Manizales. Con esta cifra asciende a 46.011 los  confirmados."
Gobernaci√≥n de Antioquia,@GobAntioquia,2021-03-05T01:54:18.000Z,"Con 491 casos nuevos registrados, hoy el n√∫mero de contagiados por COVID-19 en Antioquia se eleva a 346.832.
Medell√≠n (277)
Rionegro (34)
Bello (32)
Envigado (30)
Itag√º√≠ (22)
Marinilla (13)
Caldas (13)
Guarne (8)
Sabaneta (6)
La Ceja (6)
La Estrella (6)"
Gobernaci√≥n de Risaralda,@Gob_Risaralda,2021-03-05T01:26:51.000Z,"Por primera vez, luego que el Ministerio de Salud determinara los rangos de afectaci√≥n de los territorios por la pandemia de Baja a No Covid, el departamento registra Baja Afectaci√≥n en todos sus municipios. Adem√°s, hoy no reporta personas fallecidas durante las √∫ltimas 24 horas."
Claudia L√≥pez,@ClaudiaLopez,2021-03-05T00:04:01.000Z,"Otra buena noticia: hoy terminamos la vacunaci√≥n con primera dosis a los mayores de 80 a√±os en el 100% de los hogares de cuidado geri√°trico de Bogot√°.

Este domingo tambi√©n terminaremos de aplicar la primera dosis al 100% del personal de salud de primera l√≠nea en 71 hospitales."
Secretar√≠a Distrital de Salud,@SectorSalud,2021-03-05T00:00:00.000Z,"¬°S√≠! Aunque ya estamos avanzando en el proceso de vacunaci√≥n contra el covid-19, esto no quiere decir que debemos dejar de cuidarnos. 
¬°Pilas! NO es hora de bajar la guardia. "
MinSaludCol,@MinSaludCol,2021-03-06T17:00:01.000Z,"#JuntosFrenteAlCovid 1 a√±o de la llegada del COVID-19, y a pesar de las dificultades, nos hemos unido como pa√≠s
 para protegernos, fortalecer nuestro sistema de salud, y hoy, estar ejecutando un plan de vacunaci√≥n
 con el que superaremos el virus y saldremos adelante."
Ramiro Barrag√°n,@RamiroBarraganA,2021-03-05T01:00:00.000Z,"Hoy, nos confirman 83 casos nuevos de covid-19 en Boyac√°.

Tunja (32), Sogamoso (19), Duitama (7), Toca (4), Chiquinquir√° (3), Nobsa (3), Moniquir√° (2), Sativanorte (2), Tasco (2) y un caso en Bel√©n, Jenesano, Muzo, Samac√°, Soat√°, Socha, Sora, Ventaquemada y Villa de Leyva."
MinSaludCol,@MinSaludCol,2021-03-04T23:52:42.000Z,"El #ViceSalud, Luis Alex√°nder Moscoso, hizo un llamado a la poblaci√≥n a extremar las medidas de autocuidado para reducir factores de riesgo de contagio de COVID-19 y otras enfermedades respiratorias, teniendo en cuenta los cambios de temperatura registrados en el pa√≠s"
MinSaludCol,@MinSaludCol,2021-03-04T23:41:15.000Z,"Para hacer un bloqueo epidemiol√≥gico en departamentos fronterizos con Brasil, se asignaron 40.355 vacunas. En #Prevenci√≥nYAcci√≥n, el ministro 
@Fruizgomez
 explic√≥ c√≥mo avanza su aplicaci√≥n en Amazonas, Vaup√©s y Guain√≠a."
MinSaludCol,@MinSaludCol,2021-03-04T23:35:11.000Z,"En #Prevenci√≥nYAcci√≥n, el ministro 
@Fruizgomez
 inform√≥ que a la fecha contamos con 509.070 vacunas, que completan m√°s del 90% de los biol√≥gicos necesarios para inmunizar al personal de la salud, y para que de aqu√≠ al domingo, termine la vacunaci√≥n del personal de 1ra l√≠nea.1:10
11,2 mil reproducciones"
Presidencia Colombia,@infopresidencia,2021-03-04T23:31:57.000Z,"""Hoy se registraron 107 fallecidos por #COVID19 les expresamos nuestra solidaridad a las familias que han perdido a sus seres queridos y los acompa√±amos en oraci√≥n. Destacar que el 62.6% de estos casos fatales el d√≠a de hoy estuvieron concentrados en 5 municipios del pa√≠s"""
Presidencia Colombia,@infopresidencia,2021-03-04T23:31:55.000Z,"En #Prevenci√≥nyAcci√≥n el Presidente 
@IvanDuque
 inform√≥ que Colombia llega de manera acumulada a lo largo de la pandemia a 11.614.196 pruebas adelantadas, 2.266.211 casos positivos y 2.164.438 recuperados. Hoy se registraron 3.883 recuperados y estamos en el 95.5% de recuperaci√≥n."
Nemesio Roys Garz√≥n,@NemesioRoys,2021-03-04T22:37:35.000Z,"¬°LLEGARON LAS VACUNAS A LA ALTA GUAJIRA!, 38 dosis del laboratorio SINOVAC volaron en helic√≥ptero hasta el hospital de Nazaret de manera efectiva y siguiendo todos los protocolos."
Presidencia Colombia,@infopresidencia,2021-03-06T20:03:00.000Z,"Trabajamos para garantizar las operaciones de comercio exterior durante la pandemia, asegurando el abastecimiento de los colombianos. 

#JuntosFrenteAlCovid"
MinSaludCol,@MinSaludCol,2021-03-04T22:05:08.000Z,"#ReporteCOVID19 4 de marzo:

3.883 recuperados
3.565 nuevos casos
107 fallecidos

Muestras:45.301 
PCR: 26.128
Ant√≠geno: 19.173

Total:

2.164.438 recuperados
2.266.211 casos 
60.189 Fallecidos
11.614.196 muestras procesadas
34.426 casos activos

http://bit.ly/ReporteCovid19"
Secretar√≠a Distrital de Salud,@SectorSalud,2021-03-04T21:36:07.000Z,"Avanza el proceso de vacunaci√≥n contra el covid-19 en Bogot√°, pero el uso adecuado de tapabocas, el lavado de manos, la ventilaci√≥n de espacios cerrados y evitar reuniones con personas que no convivimos son acciones que debemos seguir teniendo presentes"
Secretar√≠a Seccional de Salud de Antioquia,@SaludAntioquia,2021-03-04T20:18:46.000Z,"""La mejor vacuna 
 es la que nos toque,  no importa la marca, lo √∫nico que importa es recibir la dosis: todas las vacunas que hay en el mercado son buenas"". Sigifredo Ospina 
@Medicina_UdeA"
Secretar√≠a Seccional de Salud de Antioquia,@SaludAntioquia,2021-03-04T19:43:47.000Z,"""Los efectos secundarios de la vacunaci√≥n son normales. La recomendaci√≥n es no automedicarse: no tomen acetaminof√©n y no apliquen medicina t√≥pica previo a recibir la dosis. Si les da fiebre, lo m√°s probable es que no dure m√°s de tres d√≠as "".  Sigifredo Ospina."
MinSaludCol,@MinSaludCol,2021-03-04T19:30:00.000Z,El Gobierno Nacional actualiz√≥ los protocolos de bioseguridad para el control de la pandemia. Conoce lo que cambi√≥
Supersalud,@Supersalud,2021-03-04T19:15:04.000Z,"#AEstaHora equipo √©lite 
@Supersalud
 en #Risaralda, visita la Fundaci√≥n Arca de No√© para verificar la implementaci√≥n del Plan Nacional de Vacunaci√≥n con adultos mayores y personal de primera l√≠nea en salud."
Gobernaci√≥n de Santander,@GobdeSantander,2021-03-06T20:23:43.000Z,"¬°Santander avanza en la inmunizaci√≥n contra el COVID-19!

Hoy nuestro territorio recibe 2.472 biol√≥gicos de Pfizer correspondientes a la segunda dosis para el personal de salud de primera l√≠nea del √°rea metropolitana, quienes hace 21 d√≠as fueron vacunados."
Supersalud,@Supersalud,2021-03-06T20:15:49.000Z,"#JuntosFrenteAlCovid En la Supersalud se han implementado estrategias de inspecci√≥n y vigilancia integral a los actores del sistema de salud, durante la pandemia del #COVID19"
MinSaludCol,@MinSaludCol,2021-03-05T17:39:00.000Z,"Consulta las principales noticias registradas durante el primer a√±o de la llegada de la COVID-19 a Colombia. 

Ingresa a: http://bit.ly/BoletinesCovid19‚Ä¶"
Secretar√≠a de Salud de Boyac√°,@SSaludBoyaca,2021-03-05T13:43:00.000Z,"#SegurasYEfectivas ‚ÄúEl proceso de vacunaci√≥n en Boyac√° avanza bien, pero para poder adquirir esa inmunidad de reba√±o, tenemos que vacunarnos todos, invito a los colombianos a que asistamos a la vacunaci√≥n contra el virus 
 ‚Äù: Fabio Aristiz√°bal 
@Supersalud"
MinSaludCol,@MinSaludCol,2021-03-05T13:17:27.000Z,"A un a√±o de la pandemia, el ministro 
@Fruizgomez
 hizo un balance de los logros alcanzados y los retos que enfrenta el pa√≠s en este momento de la pandemia.Citar Tweet
Radio Nacional CO
@RadNalCo
 ¬∑ 5 mar.
#AlAire @Fruizgomez, ministro de Salud (@MinSaludCol), entrega un balance en #Se√±alDeLaMa√±ana sobre la pandemia en el pa√≠s, a un a√±o del primer caso de Covid-19 #MiA√±oEnPandemiaFue 
 http://radionacional.co
Mostrar este hilo"
Gobernaci√≥n de Antioquia,@GobAntioquia,2021-03-05T11:35:21.000Z,"#LaVerdadDeLaVacuna 
 | Aunque recibas la vacuna, puedes contagiarte. Sigue usando el tapabocas 
, lava tus manos 
 con frecuencia y mant√©n el distanciamiento social 
______ 
.

#CuidarnosYVacunarnos"
Gobernaci√≥n del Meta,@GobMeta,2021-03-04T20:00:01.000Z,"¬°La vacunaci√≥n salva vidas! Todos podemos hacer pedagog√≠a para derrumbar los mitos alrededor de la vacuna contra el #Covid_19. En estos momentos, el riesgo m√°s grande es no aplicarse la vacuna. #YoMeVacuno0:58
64 reproducciones"
MinSaludCol,@MinSaludCol,2021-03-04T17:49:00.000Z,"Vacunarse contra la COVID-19 es la manera m√°s segura de ayudar a generar protecci√≥n, salvar millones de vidas y cuidar del bienestar de tu familia, amigos y comunidad. #YoMeVacuno"
Bol√≠var Primero,@GobDeBolivar,2021-03-04T17:38:15.000Z,"Bolivarense, los grupos priorizados para recibir las vacunas contra el Covid-19 fueron seleccionados por el Ministerio de Salud por el alto riesgo que corren sus vidas si son expuestos al virus.

#YoMeVacuno
#Vacunaci√≥n2021
#PlandeAcci√≥nPorLaVida"
Claudia L√≥pez,@ClaudiaLopez,2021-03-06T20:29:11.000Z,"Bogot√° quiere contribuir al esfuerzo global de vacunaci√≥n contra el coronavirus, por eso presentamos a 4 pa√≠ses y a 3 compa√±√≠as farmac√©uticas una propuesta formal para instalar la capacidad de producir vacunas en nuestra ciudad. 

#UnA√±oSalvandoVidasBogot√° propone montar centro de producci√≥n de vacunas COVID-19
Despu√©s de un a√±o de superar retos, con la vacunaci√≥n en marcha, la ciudad se alista para afrontar el segundo a√±o de la emergencia. Radic√≥ una ...
elespectador.com"
Supersalud,@Supersalud,2021-03-05T21:32:11.000Z,"‚ÄúLos hallazgos los podemos corregir de manera r√°pida para garantizar un plan de vacunaci√≥n seguro, oportuno y gratuito‚Äù 
@Supersalud
 Fabio Aristiz√°bal √Ångel"
Canal Institucional,@InstitucionalTV,2021-03-05T21:00:00.000Z,"Con√©ctate con #Prevenci√≥nYAcci√≥n, el presidente 
@IvanDuque
 informar√° sobre los avances en el Plan Nacional de Vacunaci√≥n y las medidas adoptadas por el Gobierno frente al covid-19.

Te esperamos a las 
 6 p.m. por Canal 
@InstitucionalTV
 "
Gobernaci√≥n de Antioquia,@GobAntioquia,2021-03-05T14:51:10.000Z,"""La cobertura de vacunaci√≥n contra el COVID-19 de la poblaci√≥n priorizada en la primera etapa es de un 13.64%"": 
@LuisFSuarezV
, Gobernador (e) de Antioquia, en reuni√≥n con congresistas antioque√±os."
Gobernaci√≥n de Antioquia,@GobAntioquia,2021-03-05T01:55:09.000Z,"Antioquia tiene un porcentaje de ocupaci√≥n de camas UCI de 70.78%.
Lamentamos el fallecimiento de 15 personas. As√≠ la cifra total de muertes por COVID-19 en Antioquia asciende a 6.587.
 https://app.powerbi.com/view?r=eyJrIjoiOWEyOGU1NmMtOTAwZi00YWM0LWE3NzgtNjhlMWNjOTJmZjQ3IiwidCI6IjY0MmYxNTllLThmMTItNDMwOS1iODdjLWNiYzU0MzZlYzY5MSIsImMiOjR9‚Ä¶2:19
248 reproducciones"
Gobernaci√≥n de C√≥rdoba,@GobCordoba_,2021-03-04T22:11:21.000Z,"Buenas tardes. Informamos a los cordobeses que hoy reportamos 61 nuevos casos de #COVID19 en el Dpto 

- Monteria: 39
- Mo√±itos: 5
- Ceret√©: 5
- Tierralta: 4
- San Pelayo: 3
- Lorica: 2
- Sahag√∫n: 2
- Canalete: 1"
Supersalud,@Supersalud,2021-03-04T17:25:15.000Z,"#Boyac√° | 
@Supersalud
 Fabio Aristiz√°bal √Ångel lidera reuni√≥n con el 
@SSaludBoyaca
, red prestadora del departamento y representantes de las #EPS para analizar el flujo de recursos y presentar el diagn√≥stico realizado por el equipo √©lite al  programa de vacunaci√≥n y PRASS en Boyac√°"
MinSaludCol,@MinSaludCol,2021-03-04T16:34:00.000Z,Conoce el proceso de agendamiento para la aplicaci√≥n de vacunas #SegurasYEfectivas contra la COVID-19 a trav√©s de citas telef√≥nicas programadas.
Alcald√≠a de Bogot√°,@Bogota,2021-03-06T20:30:00.000Z,"El padre Antonio Morales pas√≥ Navidad en la UCI del hospital Sim√≥n Bol√≠var, debido a que su estado de salud se complic√≥ por el COVID-19. 

Hoy, en su recuperaci√≥n, da las gracias al personal que lo atendi√≥ por su profesionalismo y entrega #HistoriasQueInspiran #UnA√±oSalvandoVidas"
OPS/OMS Colombia,@OPSOMS_Col,2021-03-05T14:22:33.000Z,"#AEstaHora realizamos taller de comunicaci√≥n del riesgo dirigido a periodista de la radio comunitaria. 

En la pandemia por #COVID19 la comunicaci√≥n ha sido y seguir√° siendo una excelente herramienta para salvar vidas."
Gobernaci√≥n de Antioquia,@GobAntioquia,2021-03-05T01:17:28.000Z," Llegamos a 27.888 personas vacunadas contra el COVID-19 en Antioquia. En nuestro proceso de inmunizaci√≥n no perdemos un segundo, sabemos que con cada dosis aplicada estamos salvando VIDAS.

Ponerle fin a la pandemia est√° en tus manos. Recuerda siempre #CuidarnosYVacunarnos. "
Gobernaci√≥n de Antioquia,@GobAntioquia,2021-03-05T00:00:09.000Z,"#LaVerdadDeLaVacuna | La tecnolog√≠a es una aliada estrat√©gica en el Plan Nacional de Vacunaci√≥n contra el COVID-19. 
 ùêëùêÑùêÇùêîùêÑùêëùêÉùêÄ: Ya est√° habilitado el aplicativo web MiVacuna. 
 En esta plataforma podr√°s conocer en cu√°l fase ser√°s vacunado. 
 #CuidarnosYVacunarnos"
Gobernaci√≥n Atl√°ntico,@Gobatlantico,2021-03-04T23:38:24.000Z," | #Vacunaci√≥nCovid19 en el Atl√°ntico. 

El nuevo reporte indica que a la fecha se han suministrado 3.756 vacunas contra el #Covid_19 en el personal de salud de primera l√≠nea y mayores de 80 a√±os, priorizados en la etapa 1.

#Atl√°nticoConVida "
Presidencia Colombia,@infopresidencia,2021-03-04T22:59:12.000Z," #EnVivo | Medidas implementadas por el Gobierno Nacional frente a la pandemia del covid-19 en el pa√≠s. #Prevenci√≥nyAcci√≥n58:41
4,5 mil espectadores
Presidencia Colombia
@infopresidencia
 #EnVivo | Medidas implementadas por el Gobierno Nacional frente a la pandemia del covid-19 en el pa√≠s. #Prevenci√≥nyAcci√≥n
pscp.tv"
Nicol√°s Garc√≠a Bustos,@nicolasgarciab,2021-03-04T16:21:27.000Z,"Me re√∫no a esta hora, en mi calidad de Presidente de la 
@FNDCol
, con el director 
@DidierTaveraA
 para priorizar acciones en este 2021. Algunos de nuestros objetivos son la ejecuci√≥n del Plan de Vacunaci√≥n, la reactivaci√≥n econ√≥mica y la navegabilidad del r√≠o Magdalena."
Claudia L√≥pez,@ClaudiaLopez,2021-03-04T15:15:58.000Z,"¬°Alivios en Predial para sectores afectados!

Propietarios de predios no residenciales de los sectores m√°s afectados por la pandemia (hoteles, restaurantes, bares) se pueden acoger este a√±o al pago por cuotas y empezar a pagar en 2022.

#Bogot√°DeTuLado"
Gobernaci√≥n de Antioquia,@GobAntioquia,2021-03-04T19:52:20.000Z,"‚ÄúLas personas asintom√°ticas no deben vacunarse‚Äù: Sigifredo Ospina, M√©dico microbi√≥logo, profesor de la 
@UdeA
, en COVID-19: Vacunaci√≥n en adultos mayores, mitos y realidades. #CuidarnosYVacunarnos 
 https://fb.watch/40Y8AZqTQH/"
Alcald√≠a de Bogot√°,@Bogota,2021-03-04T15:25:38.000Z,"#EnBogot√° | Propietarios de predios no residenciales de los sectores m√°s afectados por la pandemia (hoteles, restaurantes, bares), se pueden acoger este a√±o al pago por cuotas y empezar a pagar en 2022. 

#Bogot√°DeTuLado"
Supersalud,@Supersalud,2021-03-04T15:08:48.000Z,¬øC√≥mo saber si podr√≠as manifestar alergia a la vacuna contra el coronavirus? #LaVerdadDeLaVacunaCOVID19 aqu√≠:
Clara Luz Rold√°n Gonz√°lez,@ClaraLuzRoldan,2021-03-04T13:02:03.000Z,"Me siento muy feliz por ser la gobernadora mejor valorada del pa√≠s en la √∫ltima encuesta Invamer. Entiendo esto tambi√©n como un reconocimiento al esfuerzo de todos los funcionarios de 
@GobValle
 que en pandemia llevan un a√±o trabajando dur√≠simo y sin pararClara Luz, con la mayor aprobaci√≥n | Graffiti - Diario Occidente
Clara Luz Rold√°n tiene la mayor aprobaci√≥n entre los gobernadores del pa√≠s, seg√∫n la m√°s reciente encuesta de la firma Invamer. En el Pool, estudio que la
occidente.co"
Gobernaci√≥n de Santander,@GobdeSantander,2021-03-04T12:22:04.000Z,"Se informa a la comunidad que cada vez son m√°s las personas que logran superar el COVID- 19 en el departamento. Este mi√©rcoles 3 de marzo, 246 pacientes m√°s se han recuperado del virus, para un total de 86.394 recuperados."
Nicol√°s Garc√≠a Bustos,@nicolasgarciab,2021-03-04T03:15:00.000Z,"Hoy inauguramos nuestro laboratorio cl√≠nico con ultracongeladores, refrigeradores, cabinas de seguridad y procesamiento de pruebas COVID-19. Seguimos trabajando en atenci√≥n al COVID y en Plan de Vacunaci√≥n."
Presidencia Colombia,@infopresidencia,2021-03-04T03:08:43.000Z,"En marzo llegar√°n a Colombia 2,3 millones de vacunas de Sinovac: Presidente 
@IvanDuqueEn marzo llegar√°n a Colombia 2,3 millones de vacunas de Sinovac: Duque
El Presidente Iv√°n Duque M√°rquez confirm√≥ este mi√©rcoles que ‚Äúaumentamos la distribuci√≥n de (la vacuna) Sinovac, donde en el mes de marzo estaremos hablando ya de m√°s de 2‚Äô300.000‚Äù.
idm.presidencia.gov.co"
Presidencia Colombia,@infopresidencia,2021-03-06T19:01:00.000Z,"Trabajamos #JuntosFrenteAlCovid con acciones para respaldar al sector tur√≠stico durante la emergencia por la pandemia, con apoyo a gu√≠as tur√≠sticos y prestadores."
MinSaludCol,@MinSaludCol,2021-03-05T13:31:40.000Z,"""La opci√≥n de postularse para la vacunaci√≥n se mantendr√° abierta, para que la poblaci√≥n adulta mayor de 80 a√±os que no aparezca en el aplicativo web de #MiVacuna, se registre"" ministro 
@Fruizgomez
 en 
@rcnradio"
Canal Institucional,@InstitucionalTV,2021-03-05T10:00:01.000Z,"¬°Buenos d√≠as! Colombia va a cumplir 365 d√≠as en pandemia. A un a√±o del primer caso de covid -19, ¬øC√≥mo te ha cambiado la vida? 
Opina con el numeral #MiA√±oEnPandemiaFue"
Gobernaci√≥n de Sucre,@GobSucre,2021-03-05T02:40:00.000Z,"En Sucre se registran 26 nuevos casos, 57  recuperados y 1 fallecido por covid-19.

Hasta la fecha la cifra total asciende a 20 370 casos positivos, 19 481 recuperados y 781 fallecidos. 

Es momento de intensificar las normas de autocuidado y ser m√°s disciplinados."
Gobernaci√≥n de Cundinamarca,@CundinamarcaGob,2021-03-04T23:07:43.000Z,"#Salud
l El 
@MinSaludCol
 asign√≥ un nuevo lote de 2.754 vacunas contra el COVID-19 para Cundinamarca como parte del proceso de vacunaci√≥n al personal de la salud del departamento. Conoce todos los detalles en 
http://bit.ly/3c3PCCm"
Territorial de Salud de Caldas,@saluddecaldas,2021-03-04T19:08:43.000Z,"Municipios de la regi√≥n Centro Sur reciben las primeras vacunas. En Chinchin√° avanza jornada de vacunaci√≥n Covid. Llamado urgente a IPS para que registren en plataforma su personal de salud. 
 Toda la informaci√≥n de la DTSC en 60 segundos 
 
@LuisCarlosGober1:05
90 reproducciones"
Secretar√≠a Distrital de Salud,@SectorSalud,2021-03-04T16:04:55.000Z,"Seguir usando el tapabocas, lavarnos las manos y mantener el distanciamiento son medidas complementarias que deben mantenerse luego de la vacunaci√≥n #Bogot√°SeCuida"
Secretar√≠a de Salud de Valle del Cauca,@secsaludvalle,2021-03-04T02:43:25.000Z,"ACTUALIZACI√ìN 
 03/03/2021 Cifras COVID-19 en el Valle del Cauca."
Territorial de Salud de Caldas,@saluddecaldas,2021-03-06T19:42:36.000Z,"¬øEs cierto que despu√©s de ser inmunizados con una de las vacunas #SegurasYEfectivas contra la COVID-19 se acabar√°n las medidas de prevenci√≥n?
#PrimeroLaVacuna
#PrimeroLaGente 
@LuisCarlosGober"
MAURICIO AGUILAR HURTADO,@MAguilarHurtado,2021-03-06T17:50:12.000Z,"En total ser√°n 1.600 apartamentos de vivienda prioritaria, con estas iniciativas buscamos cerrar brechas de inequidad social. El COVID-19 ha dejado grandes retos y desde #SiempreSantander ¬°Los vamos a superar!"
Gobernaci√≥n de C√≥rdoba,@GobCordoba_,2021-03-04T22:51:04.000Z,"A esta hora estamos en vivo hablando sobre mitos sobre vacunaci√≥n a trav√©s de facebook liveMitos y Leyendas, Vacuna contra el Covid-19
Conversatorio
facebook.com"
Secretar√≠a Distrital de Salud,@SectorSalud,2021-03-04T21:30:00.000Z,"La subsecretaria de Salud P√∫blica, 
@clemayorga
, acompa√±√≥ una jornada de concientizaci√≥n en 
@TransMilenio
 sobre la importancia del autocuidado como medida ante el covid-19. La campa√±a les recuerda a los usuarios las acciones que salvan vidas"
Secretar√≠a de Desarrollo de la Salud - C√≥rdoba.,@CordobaSalud,2021-03-04T21:04:46.000Z,"Don Mart√≠n Toro nos muestra su carnet de #MiVacuna, que certifica la aplicaci√≥n de la primera dosis de inmunizaci√≥n contra el COVID-19, del laboratorio SINOVAC. 

#C√≥rdobaSeVacuna
#YoElijoVivir 
#Sahag√∫n #C√≥rdoba 
Foto: 
@alcaldiasahagun
@camusanrafael
@GobCordoba_"
Gobernaci√≥n de Antioquia,@GobAntioquia,2021-03-04T19:00:57.000Z,"Queremos resolver todas tus dudas con relaci√≥n al proceso de vacunaci√≥n contra el COVID -19. 
No te pierdas el Webinar: COVID-19: Vacunaci√≥n en Adultos mayores, mitos y realidades. 
2:30 p.m
 #FacebookLive 
@SaludAntioquia"
Presidencia Colombia,@infopresidencia,2021-03-04T13:12:09.000Z,"Las personas que tuvieron covid-19 s√≠ est√°n incluidas en el Plan Nacional de Vacunaci√≥n y podr√°n acceder a la inmunizaci√≥n, si tienen m√°s de 90 d√≠as de haber sido diagnosticadas y de acuerdo a la priorizaci√≥n establecida.1:20
40,6 mil reproducciones
De 
MinSaludCol"
Clara Luz Rold√°n Gonz√°lez,@ClaraLuzRoldan,2021-03-04T13:02:04.000Z,"Quiero agradecer a la gente que tanto se ha esforzado en esta pandemia, a las mam√°s que hasta profesoras han sido, al personal de la salud, fuerza p√∫blica, adultos mayores solitos y lejos de sus familias; ni√±os y ni√±as un a√±o sin ver sus amiguitos y profes trabajando el doble."
Nicol√°s Garc√≠a Bustos,@nicolasgarciab,2021-03-04T03:15:01.000Z,"El laboratorio de pruebas COVID-19 que inauguramos hoy tuvo una inversi√≥n superior a los 1.200 millones de pesos y tambi√©n procesar√° muestras para el diagn√≥stico de otras enfermedades.
#NoBajamosLaGuardia"
Alcald√≠a de Bogot√°,@Bogota,2021-03-06T20:00:01.000Z,"Los datos abiertos han sido una pol√≠tica de la 
@SectorSalud
 que fortalece la transparencia, la democracia y la participaci√≥n social. En #SaluData los ciudadanos han tenido al alcance de un clic la informaci√≥n oficial sobre el COVID-19 y 213 indicadores m√°s #UnA√±oSalvandoVidas"
Secretar√≠a Distrital de Salud,@SectorSalud,2021-03-06T16:00:41.000Z,"Durante la pandemia hemos tenido picos de hasta 8.700 llamadas diarias a la L√≠nea 123. Esta cantidad de solicitudes las hemos podido atender, gracias al aumento en el talento humano para la gesti√≥n de estas llamadas #UnA√±oSalvandoVidas"
Gobernaci√≥n de Antioquia,@GobAntioquia,2021-03-04T19:50:56.000Z,"‚ÄúEs importante que el adulto mayor vaya acompa√±ado el d√≠a de la vacunaci√≥n‚Äú: Carlos Vel√°squez, m√©dico epidemi√≥logo 
@SaludAntioquia
, en COVID-19: Vacunaci√≥n en adultos mayores, mitos y realidades. #CuidarnosYVacunarnos  
 https://fb.watch/40Y8AZqTQH/"
Gobernaci√≥n de Antioquia,@GobAntioquia,2021-03-04T19:42:41.000Z,"‚ÄúNo es recomendable automedicarse antes de la vacunaci√≥n‚Äú: Sigifredo Ospina, M√©dico microbi√≥logo, profesor de la 
@UdeA
, en COVID-19: Vacunaci√≥n en adultos mayores, mitos y realidades. #CuidarnosYVacunarnos 
 https://fb.watch/40Y8AZqTQH/"
Secretar√≠a Seccional de Salud de Antioquia,@SaludAntioquia,2021-03-04T19:33:54.000Z,"¬°Estamos #EnVivo! Acomp√°√±anos en #FBLive y hablemos con el m√©dico microbi√≥logo Sigifredo Ospina y nuestro epidemi√≥logo Carlos Vel√°squez sobre vacunaci√≥n en adultos mayores #CuidarnosYVacunarnos 
.
 https://facebook.com/267560063344640/posts/3238524906248126/‚Ä¶"
Gobernaci√≥n de Santander,@GobdeSantander,2021-03-04T16:48:53.000Z,"#AEstaHora| El Secretario de Salud, 
@JavierAlonsoVi9
 en entrevista con 
@Caracolbga
 cuenta los detalles del proceso de distribuci√≥n, log√≠stica y vacunaci√≥n contra el COVID-19 en Santander. 
http://caracol.com.co/emisora/bucaramanga/‚Ä¶"
Gobernaci√≥n del Huila,@HuilaGob,2021-03-04T02:24:18.000Z,"9 casos de Covid19 se confirmaron hoy para el Huila

La Sala de An√°lisis del Riesgo para el evento Covid19 confirma 9 casos en 3 municipios distribuidos as√≠:

7 casos en la ciudad de Neiva, 1 en Campoalegre y 1 en Guadalupe."
Secretar√≠aSaludCesar,@CesarSecSalud,2021-03-04T02:23:03.000Z,"#ReporteDiario reportamos 30 nuevos casos de Covid-19, procedentes de:
Valledupar 14
Bosconia 11
La Gloria 2
Pailitas 1
Pelaya 1
San Alberto 1"
Gobernaci√≥n del Meta,@GobMeta,2021-03-04T02:13:55.000Z,"Hoy recibimos 585 pruebas negativas de #Covid_19 y 36 positivas as√≠: Villavicencio 24, Puerto L√≥pez 3, Puerto Gait√°n 3, Cumaral 2, Uribe 2, Acac√≠as 1 y San Mart√≠n 1. 

Adem√°s, 85 recuperados, 30 en UCI y lamentablemente 1 fallecido."
Alcald√≠a de Bogot√°,@Bogota,2021-03-06T19:30:00.000Z,"¬°√ìscar Laverde, otro valiente que le gan√≥ la batalla al COVID-19 en el hospital El Tunal! 
Como la suya, son miles las historias de personas que pasaron por una UCI en los hospitales de la red p√∫blica y que hoy agradecen de coraz√≥n al personal de salud #UnA√±oSalvandoVidas"
Presidencia Colombia,@infopresidencia,2021-03-06T17:31:00.000Z,"#IngresoSolidario y #Compensaci√≥nIVA fueron creados por el Gobierno Nacional como plan de choque para apoyar a la poblaci√≥n m√°s vulnerable en pandemia. #ColombiaMayor se potenci√≥ al completar el esquema de transferencias monetarias de 
@ProsperidadCol
. #JuntosFrenteAlCovid"
Gobernaci√≥n Amazonas,@Goberamazonas,2021-03-05T02:45:51.000Z,"#AmazonasYoMeVacuno | Edwin Vel√°squez, coordinador de vacunaci√≥n #COVID19 en el departamento, nos cuenta un poco acerca del plan de acci√≥n de la vacunaci√≥n masiva que se est√° desarrollando en el #Amazonas e invita a la comunidad amazonense a asistir a las jornadas."
Gobernaci√≥n de Antioquia,@GobAntioquia,2021-03-05T01:30:54.000Z,"Las vacunas contra el COVID-19 son seguras y tienen respaldo m√©dico y cient√≠fico.
Es normal presentar s√≠ntomas leves tras la aplicaci√≥n de la dosis como: dolor de cabeza, fatiga o fiebre. No te preocupes es una reacci√≥n pasajera. #LaVerdadDeLaVacuna

#CuidarnosYVacunarnos"
Gobernaci√≥n de Antioquia,@GobAntioquia,2021-03-04T20:06:15.000Z,"‚ÄúLa funci√≥n del acompa√±ante es muy importante en la vacunaci√≥n de los adultos mayores‚Äù: Carlos Vel√°squez, M√©dico epidemi√≥logo 
@SaludAntioquia
, en COVID-19: Vacunaci√≥n en adultos mayores, mitos y realidades. #CuidarnosYVacunarnos  
 https://fb.watch/40Y8AZqTQH/"
Secretar√≠a Seccional de Salud de Antioquia,@SaludAntioquia,2021-03-04T19:19:44.000Z,"Nos vemos en un momento en #FBLive para que hablemos de mitos y realidades de la vacunaci√≥n contra #COVID19 en adultos mayores. ¬°Con√©ctense aqu√≠! 
 https://facebook.com/267560063344640/posts/3238524906248126/‚Ä¶"
Presidencia Colombia,@infopresidencia,2021-03-04T12:12:46.000Z," #Noticia | El Ministro de Salud, 
@Fruizgomez
, resalt√≥ que durante la pandemia del covid-19, la telemedicina ha tenido una gran revoluci√≥n en la atenci√≥n a los usuarios, y se ha convertido en una importante herramienta para el sector salud en Colombia.En medio de la pandemia, la telemedicina ha tenido una verdadera revoluci√≥n en Colombia: MinSalud
Este mi√©rcoles, en el programa ‚ÄòPrevenci√≥n y Acci√≥n‚Äô, el Ministro de Salud, Fernando Ruiz G√≥mez, resalt√≥ que durante la pandemia del covid-19 la telemedicina ha tenido una gran revoluci√≥n en la...
idm.presidencia.gov.co"
MAURICIO AGUILAR HURTADO,@MAguilarHurtado,2021-03-04T02:00:51.000Z,"¬°Avanzamos en la inmunizaci√≥n!

2.447 dosis Sinovac est√°n siendo distribuidas a los municipios. Estos biol√≥gicos se aplicar√°n al personal de la salud y adultos mayores de 80 a√±os en centros de larga estancia."
Gobernaci√≥n de Sucre,@GobSucre,2021-03-04T02:00:00.000Z,"En Sucre se registran 37 nuevos casos, 87 recuperados y 0 fallecidos por covid-19.

Hasta la fecha la cifra total asciende a 20 344 casos positivos,19 424 recuperados y 780 fallecidos. 

Es momento de intensificar las normas de autocuidado y ser m√°s disciplinados."
Secretar√≠a Distrital de Salud,@SectorSalud,2021-03-05T16:05:34.000Z,"Con respecto a los primeros adultos mayores vacunados en Bogot√°, el secretario 
@AlejandroGL2014
 indic√≥ que ""la recepci√≥n ha sido extraordinaria; la gente est√° esperando la vacuna con mucha ilusi√≥n, es una poblaci√≥n muy sensibilizada""."
Canal Institucional,@InstitucionalTV,2021-03-05T15:00:02.000Z,"Tras un a√±o de la llegada de la pandemia a Colombia, el ministro de salud, Fernando Ruiz (
@Fruizgomez
) nos cuenta qu√© cambiar√≠a en las acciones para enfrentar la covid-19. Esto es lo que respondi√≥ en #Se√±alDeLaMa√±ana "
Gobernaci√≥n de Antioquia,@GobAntioquia,2021-03-04T20:18:01.000Z,"‚ÄúEst√° demostrado que las vacunas no hacen da√±o. Mientras m√°s personas nos vacunemos mejor nos va a ir a todos‚Äù: Sigifredo Ospina, M√©dico microbi√≥logo, profesor de la 
@UdeA
, en COVID-19: Vacunaci√≥n en adultos mayores, mitos y realidades. 
 https://fb.watch/40Y8AZqTQH/"
Gobernaci√≥n de Antioquia,@GobAntioquia,2021-03-04T20:02:36.000Z,"‚ÄúLo m√°s importante es esperar para aplicarnos la segunda dosis. A la IPS le corresponde llamar a los ciudadanos‚Äù: Carlos Vel√°squez, M√©dico epidemi√≥logo 
@SaludAntioquia
, en COVID-19: Vacunaci√≥n en adultos mayores, mitos y realidades. 
 https://fb.watch/40Y8AZqTQH/"
Gobernaci√≥n de Antioquia,@GobAntioquia,2021-03-04T19:57:21.000Z,"‚ÄúEs fundamental seguirnos cuidando. Debemos usar el tapabocas de manera adecuada‚Äù: Carlos Vel√°squez, M√©dico epidemi√≥logo 
@SaludAntioquia
, en COVID-19: Vacunaci√≥n en adultos mayores, mitos y realidades. #CuidarnosYVacunarnos  
 https://fb.watch/40Y8AZqTQH/"
Marta Luc√≠a Ram√≠rez,@mluciaramirez,2021-03-04T19:29:28.000Z,"Con asignaci√≥n m√°s eficiente de subsidios en Sisb√©n IV se benefician las familias m√°s vulnerables 
, y especialmente la poblaci√≥n informal, gravemente afectada por la pandemia. ¬°Paso fundamental para agilizar procesos y avanzar en focalizaci√≥n 
 del gasto p√∫blico!Citar Tweet
Diario La Rep√∫blica
@larepublica_co
 ¬∑ 4 mar.
DNP pedir√° a la ciudadan√≠a hacer una actualizaci√≥n de la encuesta del Sistema de Identificaci√≥n de Potenciales Beneficiarios de Programas Sociales (Sisb√©n)  https://larepublica.co/economia/dnp-lanza-base-de-datos-del-sisben-iv-se-han-encuestado-235-millones-de-personas-3134563?utm_medium=Social&utm_source=Twitter#Echobox=1614867847‚Ä¶"
Gobernaci√≥n de Santander,@GobdeSantander,2021-03-04T17:12:23.000Z,"#SantanderInforma| Este 05 de marzo a las 7 a.m. se reunir√°n salas situacionales de COVID-19, mandatarios locales, gremios y fuerza p√∫blica en un nuevo PMU para analizar el comportamiento de la pandemia y determinar las acciones para contrarrestarla. #SantanderEst√°EnTusManos"
Gobernaci√≥n de Antioquia,@GobAntioquia,2021-03-04T13:19:40.000Z," Queremos resolver todas tus dudas con relaci√≥n al proceso de inmunizaci√≥n en Antioquia.
No te pierdas el Webinar: COVID-19: Vacunaci√≥n en adultos mayores, mitos y realidades.
 Jueves 4 de marzo
 2:30 p.m
 #FacebookLive 
@SaludAntioquia"
Gobernaci√≥n Boyac√°,@GobBoyaca,2021-03-04T01:43:44.000Z,"Hoy se confirman 48 casos nuevos de covid-19 en Boyac√°.

A la fecha en el Departamento hay 46.407 casos confirmados, 44.230 recuperados y 1.092 fallecimientos.

M√°s informaci√≥n en: https://bit.ly/3rgArfE o en el aplicativo m√≥vil #COVID19Boyac√°."
Supersalud,@Supersalud,2021-03-06T18:12:33.000Z,#Grupo√âliteSNS visit√≥ las #EPS Compensar y Aliansalud para verificar c√≥mo se vienen alistando para la jornada de vacunaci√≥n masiva contra el #Covid_19 I #SeguimientoALasVacunas
Alcald√≠a de Bogot√°,@Bogota,2021-03-06T01:02:00.000Z,"En la primera etapa de la vacunaci√≥n, seg√∫n la disposici√≥n del Gobierno Nacional, se priorizar√°n las poblaciones con mayor riesgo de enfermar o morir por coronavirus, seg√∫n criterios de edad, presencia de enfermedades cr√≥nicas y riesgo de contagio #Bogot√°SeCuida"
Gobernaci√≥n de Santander,@GobdeSantander,2021-03-05T11:54:40.000Z,"Desafortunadamente, 13 personas m√°s perdieron la vida a causa del COVID-19 en el departamento, los casos se registran en: Bucaramanga (6), D.E. Barrancabermeja (2), El Socorro (1), Floridablanca (1), Gir√≥n (1), Piedecuesta (1) y Villanueva (1)."
Canal Institucional,@InstitucionalTV,2021-03-05T11:37:36.000Z," #Se√±alDeLaMa√±ana | ""Nunca perdimos la fe en nuestros hospitales y nuestro personal de la salud. La pandemia ha sido manejada por manos muy calificadas"", afirma Gonz√°lez. Con√©ctate por 
@InstitucionalTV
  y 
@RadNalCo
 . Sigue la transmisi√≥n aqu√≠ https://twitter.com/i/broadcasts/1yNGaWqYrEqx‚Ä¶"
Canal Institucional,@InstitucionalTV,2021-03-05T11:31:32.000Z," #Se√±alDeLaMa√±ana | El exviceministro Gonz√°lez recuerda que los d√≠as previos a la llegada de la pandemia se vivieron ""d√≠as agitados"". Con√©ctate por 
@InstitucionalTV
  y 
@RadNalCo
 . Sigue la transmisi√≥n aqu√≠ https://twitter.com/i/broadcasts/1yNGaWqYrEqx‚Ä¶"
Gobernaci√≥n Atl√°ntico,@Gobatlantico,2021-03-04T01:25:13.000Z," | #Vacunaci√≥nCovid19 en el Atl√°ntico. 

El nuevo reporte indica que a la fecha se han suministrado 3.754 vacunas contra el #Covid_19, en el personal de salud de primera l√≠nea y mayores de 80 a√±os, priorizados en la etapa 1.

#Atl√°nticoConVida "
Secretar√≠a Seccional de Salud de Antioquia,@SaludAntioquia,2021-03-04T01:21:03.000Z,"Con 2.680 dosis aplicadas este 3 de marzo, Antioquia llega a 25.674 vacunados contra #COVID19. 

¬°UNIDOS ganamos la batalla al coronavirus!
Medell√≠n (1200)
Bello  (127)
Envigado  (40)
Sabaneta  (52)
La Estrella  (2)
Girardota  (22)
Copacabana  (6)
Caldas (38)"
Gobernaci√≥n de Antioquia,@GobAntioquia,2021-03-04T00:51:50.000Z,"Trabajamos UNIDOS para llevar ESPERANZA a todas las subregiones.
Hoy logramos aplicar 2.680 dosis y llegamos a 25.674 vacunados contra COVID19 en Antioquia. 

En esta nueva fase de la pandemia debemos mantener todas las medidas preventivas.
  __
#CuidarnosYVacunarnos"
MinSaludCol,@MinSaludCol,2021-03-03T23:51:53.000Z,"¬øPara este mes cu√°ntas vacunas se esperan aplicar? En #Prevenci√≥nYAcci√≥n, el ministro 
@Fruizgomez
 respondi√≥1:14
25,7 mil reproducciones"
Secretar√≠a Seccional de Salud de Antioquia,@SaludAntioquia,2021-03-03T23:50:53.000Z,"Para ver el comportamiento del COVID-19 en el departamento de #Antioquia ingresa al siguiente enlace: https://bit.ly/2VQmebG 

Nuevos casos: 451
Medell√≠n (267)
Bello (45)
Rionegro (35)
Envigado (22)
Itag√º√≠ (20)
Marinilla (9)
Copacabana (9)
Sabaneta (8)"
MinSaludCol,@MinSaludCol,2021-03-03T23:42:54.000Z,"En #Prevenci√≥nYAcci√≥n, el ministro 
@Fruizgomez
 present√≥ los avances de la telemedicina en el pa√≠s, a trav√©s de la que actualmente se est√°n atendiendo a cerca de 10 millones de personas por mes."
Alcald√≠a de Bogot√°,@Bogota,2021-03-06T19:45:00.000Z,"La alcaldesa 
@ClaudiaLopez
 realiz√≥ un balance de los avances, logros y dificultades a los que se enfrent√≥ Bogot√°, tras cumplirse un a√±o de la llegada de la pandemia por coronavirus. Conoce todos los detalles aqu√≠ ‚ÄúBogot√° ha tenido una vacuna permanente y es la cultura ciudadana‚Äù: Alcaldesa
La alcaldesa Claudia L√≥pez habl√≥ en entrevista para City Noticias sobre los avances y dificultades de Bogot√° tras cumplirse un a√±o de la pandemia.
bogota.gov.co"
Presidencia Colombia,@infopresidencia,2021-03-04T23:44:35.000Z,"""El Plan Nacional de Vacunaci√≥n est√° orientado a que la distribuci√≥n de las vacunas sea gratuita, se hace a trav√©s del sistema de salud y se puede hacer el monitoreo a trav√©s de #MiVacuna cuando las personas tienen que asistir a los lugares para recibir sus dosis"""
Canal Institucional,@InstitucionalTV,2021-03-04T21:00:00.000Z,"Hoy a las 
 6:00 p.m., el presidente 
@IvanDuque
 les contar√° a los colombianos de las √∫ltimas medidas de #Prevenci√≥nYAcci√≥n adoptadas por el Gobierno contra el covid-19 y los avances en materia de vacunaci√≥n. 

Inf√≥rmate por la pantalla de Canal 
@InstitucionalTV
 "
Gobernaci√≥n de Antioquia,@GobAntioquia,2021-03-04T20:26:28.000Z,"‚ÄúSi despu√©s de vacunarse la persona presenta s√≠ntomas debe consultar‚Äù: Carlos Vel√°squez, M√©dico epidemi√≥logo 
@SaludAntioquia
, en COVID-19: Vacunaci√≥n en adultos mayores, mitos y realidades. #CuidarnosYVacunarnos  
 https://fb.watch/40Y8AZqTQH/"
Canal Institucional,@InstitucionalTV,2021-03-04T11:34:11.000Z," #Se√±alDeLaMa√±ana | ""Los ciudadanos no eligen cu√°l vacuna se le aplicar√°, pero el vacunar s√≠ podr√≠a escoger una diferente si el paciente lo requiere as√≠ por posibles efectos adversos"". Con√©ctate por 
@InstitucionalTV
  y 
@RadNalCo
 .2:03:35
1,4 mil espectadores
Canal Institucional
@InstitucionalTV
 Con√©ctate con #Se√±alDeLaMa√±ana de @RadNalCo y conoce los hechos m√°s importantes que ocurren en Colombia y sus regiones. Estamos #AlAire por Canal @InstitucionalTV
pscp.tv"
Gobernaci√≥n del Huila,@HuilaGob,2021-03-04T02:24:19.000Z,"El porcentaje de ocupaci√≥n de Unidad de Cuidados Intensivos en el departamento culmin√≥ la jornada en 48% y en la ciudad de Neiva en 60%.

Hoy se notifican 4 casos de fallecimiento 1 en Algeciras, 1 en Tello y 2 en Neiva, la estad√≠stica de decesos por Covid19 se eleva 1.737."
Alcald√≠a de Bogot√°,@Bogota,2021-03-03T23:33:46.000Z,"‚ÄúEl principal indicador que me enorgullece hoy, es que hemos aplicado el 99% de las vacunas. Vacunas que nos entregan, vacuna que aplicamos. Esa es la clave de la reactivaci√≥n econ√≥mica‚Äù. 
@ClaudiaLopez
 durante #DespachAndo y Reactivando¬¥con 
@investinbogota"
Presidencia Colombia,@infopresidencia,2021-03-03T22:59:10.000Z," #EnVivo | Avances de las medidas implementadas por el Gobierno Nacional para mitigar los efectos de la pandemia del covid-19 en el pa√≠s. #Prevenci√≥nyAcci√≥nPresidencia Colombia
@infopresidencia
 #EnVivo | Avances de las medidas implementadas por el Gobierno Nacional para mitigar los efectos de la pandemia del covid-19 en el pa√≠s. #Prevenci√≥nyAcci√≥n
pscp.tv"
Canal Institucional,@InstitucionalTV,2021-03-05T12:18:01.000Z," #Se√±alDeLaMa√±ana | ""Uno de los momentos m√°s dif√≠ciles fue el d√≠a de la declaraci√≥n del inicio de la cuarentena. Tambi√©n las negociaciones de ventiladores"" Con√©ctate por 
@InstitucionalTV
  y 
@RadNalCo
 .Canal Institucional
@InstitucionalTV
Si quieres mantener conectado con la informaci√≥n m√°s relevante de la agenda nacional y regional, te invitamos a sintonizar #Se√±alDeLaMa√±ana de @RadNalCo 
. Te esperamos por Canal @InstitucionalTV "
Canal Institucional,@InstitucionalTV,2021-03-04T23:08:20.000Z,"#Prevenci√≥nYAcci√≥n ""Hoy en Colombia se aplicaron 206.475 dosis de la vacuna contra el covid-19"": presidente, 
@IvanDuque
.Citar Tweet
Canal Institucional
@InstitucionalTV
 ¬∑ 4 mar.
El presidente @IvanDuque, hablar√° sobre los avances en materia de vacunaci√≥n y las medidas de #Prevenci√≥nyAcci√≥n implementadas por el Gobierno contra el covid-19. ¬°Con√©ctate, estamos #AlAire por @InstitucionalTV! https://twitter.com/i/broadcasts/1yNGaWqBOoVxj‚Ä¶"
Secretar√≠a Distrital de Salud,@SectorSalud,2021-03-04T21:02:02.000Z,"En respuesta a 
@ALNELLYCA
 y 
@AlejandroGL2014Buen d√≠a. El avance del proceso de vacunaci√≥n depende de las dosis entregadas por el Gobierno Nacional a Bogot√°. Esperamos contar con m√°s disponibilidad de biol√≥gicos para seguir avanzando en la inmunizaci√≥n de nuestros adultos mayores. Saludos"
Alcald√≠a de Bogot√°,@Bogota,2021-03-04T19:30:00.000Z,"¬°Todos los esfuerzos de cuidado han valido la pena! 

Recuerda, a la par de la vacunaci√≥n, debemos seguir cuid√°ndonos. 
Tapabocas
Ventilaci√≥n
No reuniones
Vacunaci√≥n
#Bogot√°SeCuidaSecretar√≠a de Salud hace llamado para no relajarse con medidas de autocuidado
La ciudad requiere que el 70 % de la poblaci√≥n est√© inmunizada para alcanzar la inmunidad de reba√±o. En este momento no se ha alcanzado el 1 %.
bogota.gov.co"
Gobernaci√≥n de Cundinamarca,@CundinamarcaGob,2021-03-04T16:49:09.000Z,"En respuesta a 
@Melissavl56Gracias por escribirnos. En la App Mi vacuna, pueden realizar la respectiva verificaci√≥n y actualizaci√≥n de datos de cuando les corresponde la fecha de la vacuna. Feliz d√≠a!"
Gobernaci√≥n de Santander,@GobdeSantander,2021-03-04T12:22:05.000Z,"Adem√°s, se reportan 129 nuevos contagios de COVID-19, los casos se encuentran en los municipios de: Bucaramanga (39), Charal√° (1), Concepci√≥n (2), Curit√≠ (1), D. E. Barrancabermeja (8), El Socorro (4), Enciso (1), Floridablanca (7), Gir√≥n (4), M√°laga (40), Matanza (1), (hilo)"
Canal Institucional,@InstitucionalTV,2021-03-04T10:15:00.000Z,"Estos son los datos que deja la pandemia y te trae 
@InstitucionalTV
Cifras de la pandemia (marzo 4 del 2021)
4.498 recuperados
3.047 nuevos casos
110 fallecidos

2.160.555 recuperados
2.262.646 casos 
60.082 fallecidos
34.890 casos activos
Fuente: 
@MinSaludCol"
Gobernaci√≥n del Meta,@GobMeta,2021-03-03T22:52:21.000Z,"En el marco de la conmemoraci√≥n del mes de la mujer realizamos talleres en violencia intrafamiliar y de g√©nero ‚ÄòLa otra cara de la pandemia‚Äô, dirigidos a las integrantes de la Red de Mujeres Multiplicadoras del Meta."
Gobernaci√≥n del Huila,@HuilaGob,2021-03-03T22:41:50.000Z,"Avanza rastreo de casos positivos de Covid19 en todo el Huila 

Con presencia institucional en los 37 municipios, la Secretar√≠a de Salud Departamental adelanta b√∫squeda activa de pacientes con s√≠ntomas respiratorios para identificar posibles casos positivos de Covid19."
Canal Institucional,@InstitucionalTV,2021-03-06T12:00:01.000Z," Hasta el 1 de abril, Avianca suspendi√≥ m√°s de 20 rutas de vuelos internacionales debido a la emergencia por la pandemia del covid-19, conoce cu√°les son aqu√≠ Estas son las 24 rutas de vuelo suspendidas por Avianca | A Colombia la hacemos todos
canalinstitucional.tv"
Secretar√≠a Distrital de Salud,@SectorSalud,2021-03-06T01:27:00.000Z,"Bogot√° conmemorar√° la solidaridad, cuidado y resiliencia de sus habitantes y a homenajear√° a quienes fallecieron por covid-19.

Conoce todos los detalles Un a√±o de pandemia: Bogot√° rendir√° homenaje a fallecidos por COVID-19
Este s√°bado 6 de marzo, Bogot√° har√° un reconocimiento a la solidaridad, cuidado y resiliencia de su gente; as√≠ como un homenaje a fallecidos por COVID-19.
bogota.gov.co"
Canal Institucional,@InstitucionalTV,2021-03-04T11:17:56.000Z," #Se√±alDeLaMa√±ana | El Gobierno Nacional ha anunciado que llegar√°n 100.000 vacunas de Pfizer cada semana, adem√°s de las 2 millones de Sinovac. Con estas dosis se aumentar√≠a el ritmo de vacunaci√≥n en marzo. Por 
@InstitucionalTV
  y 
@RadNalCo
 .Canal Institucional
@InstitucionalTV
 Con√©ctate con #Se√±alDeLaMa√±ana de @RadNalCo y conoce los hechos m√°s importantes que ocurren en Colombia y sus regiones. Estamos #AlAire por Canal @InstitucionalTV
pscp.tv"
Presidencia Colombia,@infopresidencia,2021-03-04T00:34:57.000Z,"En respuesta a 
@Lolita_Kate69
 y 
@pfizer@Lolita_Kate69
, estructuramos un Plan de Vacunaci√≥n serio y responsable para lograr la meta de 35 millones de colombianos inmunizados. Trabajamos con los mandatarios locales y la Fuerza P√∫blica para garantizar que los biol√≥gicos se distribuyan correctamente a todas las regiones."
Gob de La Guajira,@LAGUAJIRAGOB,2021-03-04T00:09:50.000Z,"A la fecha se han notificado 16.243 casos de Covid-19 al sistema de vigilancia en salud p√∫blica de La Guajira, de los cuales 236 est√°n activos."
Canal Institucional,@InstitucionalTV,2021-03-03T23:33:29.000Z,"#Prevenci√≥nYAcci√≥n ""En Colombia no hemos descartado ninguna vacuna y en el caso de la vacuna rusa, tenemos acuerdo de confidencialidad pero no nos han confirmado el momento en el que podr√≠an enviar los biol√≥gicos, esa es la informaci√≥n m√°s importante para decidir"": 
@Fruizgomez
.Citar Tweet
Canal Institucional
@InstitucionalTV
 ¬∑ 3 mar.
El presidente @IvanDuque, les contar√° a los colombianos de los avances en las √∫ltimas medidas de #Prevenci√≥nyAcci√≥n adoptadas por el Gobierno Nacional para enfrentar la pandemia del covid-19. ¬°Con√©ctate, estamos #AlAire! https://twitter.com/i/broadcasts/1LyGBdBAeDpxN‚Ä¶"
Presidencia Colombia,@infopresidencia,2021-03-03T22:31:00.000Z,"Los grupos priorizados para recibir las vacunas #SegurasyEfectivas contra la covid-19, fueron seleccionados por el alto riesgo que corren sus vidas si son expuestos al virus.

#ColombiaSeVacuna"
Canal Institucional,@InstitucionalTV,2021-03-03T21:00:01.000Z,"El presidente 
@IvanDuque
 contin√∫a cont√°ndole a los ciudadanos del avance en el materia de vacunaci√≥n y las √∫ltimas medidas de #Prevenci√≥nYAcci√≥n implementadas por el Gobierno contra el covid-19.

#Prevenci√≥nYAcci√≥n 
 6 p.m. por Canal 
@InstitucionalTV
 "
Alcald√≠a de Bogot√°,@Bogota,2021-03-03T20:40:00.000Z,"¬øHasta qu√© fecha se prorroga el aislamiento selectivo? ¬øEs obligatorio el uso del tapabocas en Bogot√°? ¬øQu√© pasa si no utilizo el tapabocas o lo uso de forma inadecuada?

Responde esta y m√°s dudas en nuestra nota ABC Decreto 061: pr√≥rroga del aislamiento selectivo y reactivaci√≥n econ√≥mica
Te contamos cu√°les son las medidas y nuevas disposiciones que debemos cumplir en la ciudad con la entrada en vigencia del Decreto 61 de 2021.
bogota.gov.co"
Secretar√≠a de Salud de Valle del Cauca,@secsaludvalle,2021-03-03T20:37:56.000Z,"Tras la pandemia, muchos empresarios no desfallecieron 
 al contrario, buscaron nuevas ofertas de negocio, como #Eurobelleza, que adem√°s de fabricar productos cosm√©ticos, 
@lechepalpelord
 innovaron con la elaboraci√≥n de alcohol y gel antibacterial. #ValleAlRitmoExportador"
Canal Institucional,@InstitucionalTV,2021-03-05T12:30:36.000Z," #Se√±alDeLaMa√±ana | Estos son algunos de los dirigentes internacionales que en el √∫ltimo a√±o tuvieron que afrontar la covid-19. Con√©ctate por 
@InstitucionalTV
  y 
@RadNalCo
 .Canal Institucional
@InstitucionalTV
Si quieres mantener conectado con la informaci√≥n m√°s relevante de la agenda nacional y regional, te invitamos a sintonizar #Se√±alDeLaMa√±ana de @RadNalCo 
. Te esperamos por Canal @InstitucionalTV "
Iv√°n Duque,@IvanDuque,2021-03-03T11:28:00.000Z,"Les informo a los colombianos que a las 5:34 a.m. lleg√≥, al Aeropuerto El Dorado, lote de 100 mil dosis que adquirimos en el proceso bilateral con Pfizer y que comenzaremos a distribuir en todo el pa√≠s. Seguimos adelante en nuestro Plan Nacional de Vacunaci√≥n. #YoMeVacuno"
Canal Institucional,@InstitucionalTV,2021-03-03T11:17:50.000Z," #Se√±alDeLaMa√±ana | El presidente, 
@IvanDuque
, celebr√≥ la llegada de 100.000 dosis m√°s de la vacuna de Pfizer, con las que se supera el medio mill√≥n de dosis en el pa√≠s. Con√©ctate por 
@InstitucionalTV
  y 
@RadNalCo
 .Canal Institucional
@InstitucionalTV
 Inicia el d√≠a con toda la informaci√≥n y el an√°lisis de #Se√±alDeLaMa√±ana de @RadNalCo, un espacio para conocer las noticias de Colombia y sus regiones. Te esperamos a trav√©s de Canal @Instituc...
pscp.tv"
Canal Institucional,@InstitucionalTV,2021-03-03T10:15:00.000Z,"Actualizamos las cifras que arroja la pandemia (3 de marzo 
)
4.424 recuperados
4.339 nuevos casos
106 fallecidos

Total en Colombia: 
2.156.057 recuperados
2.259.599 casos 
59.972 fallecidos
Fuente: 
@MinSaludCol"
Gob de La Guajira,@LAGUAJIRAGOB,2021-03-03T02:00:53.000Z,"A la fecha se han notificado 16.206 casos de Covid-19 al sistema de vigilancia en salud p√∫blica de La Guajira, de los cuales 248 est√°n activos."
V√≠ctor Manuel Tamayo,@VictorTamayoV,2021-03-03T01:24:00.000Z,"Siguiendo directrices nacionales del Decreto 206 del 26 de febrero de 2021, hemos firmado en la tarde de hoy el Decreto 0188 del 02 de marzo de 2021, concediendo facultades a los alcaldes del departamento para sostener acciones para prevenir la propagaci√≥n del Covid-19."
Secretar√≠a Seccional de Salud de Antioquia,@SaludAntioquia,2021-03-03T01:12:29.000Z,"Con 2.927 dosis aplicadas este 2 de marzo, Antioquia llega a 23.117 vacunados contra #COVID19.  
¬°UNIDOS ganamos la batalla al coronavirus!

#CuidarnosyVacunarnos"
Gobernaci√≥n del Huila,@HuilaGob,2021-03-02T20:49:28.000Z,"#HuilaCrece 
 
Se desarroll√≥ el conversatorio ""Turismo en la Pandemia y pospandemia""  liderado por la Universidad Corhuila, con apoyo de la Secretar√≠a de Cultura y Turismo del Huila y la C√°mara de Comercio del Huila."
Orlando Ben√≠tez,@orlandobenitezm,2021-03-02T19:26:43.000Z," MONTER√çA: Ocupaci√≥n UCI #COVID19 139 camas instaladas, Disponibles: 41 Camas
Ocupaci√≥n UCI NO COVID: Ocupadas: 189 Disponibles: 69"
Territorial de Salud de Caldas,@saluddecaldas,2021-03-05T11:51:10.000Z,"Vacunarte contra la COVID-19 es una manera segura de protegernos del virus y proteger a los dem√°s. Cuantas m√°s personas sean inmunizadas, menor ser√° la probabilidad de contagiarse, enfermar gravemente o incluso morir.
 #YoMeVacuno
#PrimeroLaVacuna
@LuisCarlosGober"
Gobernaci√≥n de Antioquia,@GobAntioquia,2021-03-05T00:44:34.000Z,"Continuamos en Emergencia Sanitaria y nuestros tiempos de respuesta a las PQRSD contin√∫an ampliados.
La emergencia sanitaria por el coronavirus COVID-19 se prorroga hasta el 31 de mayo de 2021.

Puedes ampliar esta informaci√≥n en
http://antioquia.gov.co"
Canal Institucional,@InstitucionalTV,2021-03-02T12:52:44.000Z," #Se√±alDeLaMa√±ana | En Antioquia podr√≠a darse un tercer pico de la pandemia a finales de mes, por la indisciplina social. Tambi√©n se espera un aumento de la contaminaci√≥n del aire por la semana santa. Por 
@InstitucionalTV
  y 
@RadNalCo
 .Canal Institucional
@InstitucionalTV
Queremos que est√©s informado de los hechos m√°s importantes que suceden en Colombia y sus regiones. Por eso, te invitamos a conectarte con #Se√±alDeLaMa√±ana 
. Te esperamos por @InstitucionalTV 
pscp.tv"
Gobernaci√≥n Atl√°ntico,@Gobatlantico,2021-03-02T02:02:11.000Z," | #Vacunaci√≥nCovid19 en el Atl√°ntico. 

El nuevo reporte indica que a la fecha se han suministrado 3.128 vacunas contra el #Covid_19, en el personal de salud de primera l√≠nea y mayores de 80 a√±os, priorizados en la etapa 1.

#Atl√°nticoConVida "
